{"cameraMode":{"drawMode":0,"name":"Shaded","section":"Shading Mode"},"sceneLighting":true,"audioPlay":false,"sceneViewState":{"showFog":true,"showMaterialUpdate":false,"showSkybox":true,"showFlares":true,"showImageEffects":true,"showParticleSystems":true},"in2DMode":false,"pivot":{"x":-7.3121232986450199,"y":-1.8567593097686768,"z":-3.568963050842285},"rotation":{"x":-0.07740677893161774,"y":0.7712323665618897,"z":-0.09558537602424622,"w":-0.6245577335357666},"size":14.054706573486329,"orthographic":false}